Manufacturer,Item,Category,CSI Spec Section,Description,Mounting Type,Unit of Measure,Currency,URL
JL Industries,Ambassador,Fire Extinguisher Cabinet,10 44 00,"Ambassador Architectural Series painted-steel fire extinguisher cabinet (JL Industries / Activar CPG). Most-specified steel line; recessed 3/8 in flat, semi-recessed square or rolled, or surface-mount. Ten door styles; optional Fire-FX2 2-hour rated tub. CSI 10 44 00.",Recessed / Semi-recessed / Surface,EA,USD,https://www.activarcpg.com/product/ambassador-series-steel/
JL Industries,Academy,Fire Extinguisher Cabinet,10 44 00,"Academy Architectural Series aluminum fire extinguisher cabinet (JL Industries / Activar CPG). Clear-anodized aluminum door and trim; steel tub (aluminum tub on surface-mount). Recessed, semi-recessed, or surface; optional Fire-FX2. CSI 10 44 00.",Recessed / Semi-recessed / Surface,EA,USD,https://www.activarcpg.com/product/academy-series-aluminum-fire-extinguisher-cabinet/
JL Industries,Cosmopolitan,Fire Extinguisher Cabinet,10 44 00,"Cosmopolitan Architectural Series 304 stainless-steel fire extinguisher cabinet (JL Industries / Activar CPG). #4 satin door and trim; steel tub (stainless tub on surface-mount). Recessed, semi-recessed, or surface; optional Fire-FX2. CSI 10 44 00.",Recessed / Semi-recessed / Surface,EA,USD,https://www.activarcpg.com/product/cosmopolitan-series-stainless-steel-fire-extinguisher-cabinet/
JL Industries,Cavalier,Fire Extinguisher Cabinet,10 44 00,"Cavalier Architectural Series bronze or brass fire extinguisher cabinet (JL Industries / Activar CPG). US10 satin bronze, US10B oil-rubbed bronze, or US3 polished brass door and trim. Recessed 3/8 in flat, semi-recessed, or surface-mount. CSI 10 44 00.",Recessed / Semi-recessed / Surface,EA,USD,https://www.activarcpg.com/product/cavalier-series-bronze-or-brass/
JL Industries,Panorama,Fire Extinguisher Cabinet,10 44 00,"Panorama Series frameless acrylic-door fire extinguisher cabinet (JL Industries / Activar CPG). Clear polycarbonate (C70/C71) or textured identity acrylic (P/Q) door; steel, aluminum, or stainless trim. Recessed, semi-recessed, surface, or trimless. CSI 10 44 00.",Recessed / Semi-recessed / Surface,EA,USD,https://www.activarcpg.com/product/panorama-series-frameless-acrylic-door-fire-extinguisher-cabinet/
JL Industries,Clear Vu,Fire Extinguisher Cabinet,10 44 00,"Clear Vu Series acrylic-bubble fire extinguisher cabinet (JL Industries / Activar CPG). 180-degree bubble visibility; steel, aluminum, stainless, brass, or bronze trim. Recessed 3/8 in flat, semi-recessed, or surface-mount. 1500 series fits 2.5-10 lb. CSI 10 44 00.",Recessed / Semi-recessed / Surface,EA,USD,https://www.activarcpg.com/product/clear-vu-series-acrylic-bubble-fire-extinguisher-cabinet/
JL Industries,Embassy,Fire Extinguisher Cabinet,10 44 00,"Embassy Series trimless recessed fire extinguisher cabinet (JL Industries / Activar CPG). Decorative overlapping door with concealed hinges; steel, aluminum, stainless, bronze, or brass. ADA projection-compliant. 5600 size fits 2.5-10 lb extinguishers. CSI 10 44 00.",Recessed,EA,USD,https://www.activarcpg.com/product/embassy-series-trimless/
JL Industries,Orbit,Fire Extinguisher Cabinet,10 44 00,"Orbit Series low-profile fire extinguisher cabinet (JL Industries / Activar CPG). Tub sized only for Orbit FE10V 10 lb extinguisher; recessed 3/8 in flat (fits 3-5/8 in stud wall) or surface-mount with flush pull (4 in overall depth, ADA). CSI 10 44 00.",Recessed / Surface,EA,USD,https://www.activarcpg.com/product/orbit-series-low-profile/
JL Industries,C1013F10,Fire Extinguisher Cabinet,10 44 00,"Ambassador steel cabinet C1013F10 (trade 1013F10): Surface Mount, Full Glazed Door; steel, full-view door. Fits Cosmic 2.5 lb - 10 lb. JL Industries / Activar CPG.",Surface,EA,USD,https://www.activarcpg.com/product/ambassador-series-steel/
JL Industries,C1013G10,Fire Extinguisher Cabinet,10 44 00,"Ambassador steel cabinet C1013G10 (trade 1013G10): Surface Mount, Full Glazed Door, Saf-T-Lok; steel, full-view door. Fits Cosmic 2.5 lb - 10 lb. JL Industries / Activar CPG.",Surface,EA,USD,https://www.activarcpg.com/product/ambassador-series-steel/
JL Industries,C1013S21,Fire Extinguisher Cabinet,10 44 00,"Ambassador steel cabinet C1013S21 (trade 1013S21): Surface Mount, Solid Door; steel. Fits Cosmic 2.5 lb - 10 lb. JL Industries / Activar CPG.",Surface,EA,USD,https://www.activarcpg.com/product/ambassador-series-steel/
JL Industries,C1013V10,Fire Extinguisher Cabinet,10 44 00,"Ambassador steel cabinet C1013V10 (trade 1013V10): Surface Mount, Vertical Duo Door; steel. Fits Cosmic 2.5 lb - 10 lb, Galaxy 2.5 lb - 10 lb, Mercury 2.5 lb - 5 lb, Sentinel 5 lb. JL Industries / Activar CPG.",Surface,EA,USD,https://www.activarcpg.com/product/ambassador-series-steel/
JL Industries,C1015F10,Fire Extinguisher Cabinet,10 44 00,"Ambassador steel cabinet C1015F10 (trade 1015F10): 3/8"" Trim, Full Glazed Door; steel, full-view door. Fits Cosmic 2.5 lb - 10 lb, Galaxy 2.5 lb - 10 lb, Mercury 2.5 lb - 5 lb, Sentinel 5 lb. JL Industries / Activar CPG.",Recessed,EA,USD,https://www.activarcpg.com/product/ambassador-series-steel/
JL Industries,C1015F10FX2,Fire Extinguisher Cabinet,10 44 00,"Ambassador steel cabinet C1015F10FX2 (trade 1015F10FX2): 3/8"" Trim, Full Glazed Door, Fire-rated; steel, full-view door. Fits Cosmic 2.5 lb - 10 lb, Galaxy 2.5 lb - 10 lb, Mercury 2.5 lb - 5 lb, Sentinel 5 lb. JL Industries / Activar CPG.",Recessed,EA,USD,https://www.activarcpg.com/product/ambassador-series-steel/
JL Industries,C1015V10,Fire Extinguisher Cabinet,10 44 00,"Ambassador steel cabinet C1015V10 (trade 1015V10): 3/8"" Trim, Vertical Duo Door; steel. Fits Cosmic 2.5 lb - 10 lb, Galaxy 2.5 lb - 10 lb, Mercury 2.5 lb - 5 lb, Sentinel 5 lb. JL Industries / Activar CPG.",Recessed,EA,USD,https://www.activarcpg.com/product/ambassador-series-steel/
JL Industries,C1015V10FX2,Fire Extinguisher Cabinet,10 44 00,"Ambassador steel cabinet C1015V10FX2 (trade 1015V10FX2): 3/8"" Trim, Vertical Duo Door, Fire-rated; steel. Fits Cosmic, Galaxy 2.5 - 10 lb. JL Industries / Activar CPG.",Recessed,EA,USD,https://www.activarcpg.com/product/ambassador-series-steel/
JL Industries,C1015W10,Fire Extinguisher Cabinet,10 44 00,"Ambassador steel cabinet C1015W10 (trade 1015W10): fully recessed 3/8 in flat trim, vertical-duo door with Saf-T-Lok, 0.090 in clear acrylic. Fits Cosmic/Galaxy 2.5-10 lb. White powder-coat CRS. Official Activar product tag; common specified lockable recessed 10 lb cabinet.",Recessed,EA,USD,https://www.activarcpg.com/product/ambassador-series-steel/
JL Industries,C1016F10,Fire Extinguisher Cabinet,10 44 00,"Ambassador steel cabinet C1016F10 (trade 1016F10): 1-1/2"" Square Trim, Full Glazed Door; steel, full-view door. Fits Cosmic 2.5 lb - 10 lb, Galaxy 2.5 lb - 10 lb, Mercury 2.5 lb - 5 lb, Sentinel 5 lb. JL Industries / Activar CPG.",Semi-recessed,EA,USD,https://www.activarcpg.com/product/ambassador-series-steel/
JL Industries,C1016F10FX2,Fire Extinguisher Cabinet,10 44 00,"Ambassador steel cabinet C1016F10FX2 (trade 1016F10FX2): 1-1/2"" Square Trim, Full Glazed Door, Fire-rated; steel, full-view door. Fits Cosmic 2.5 lb - 10 lb, Galaxy 2.5 lb - 10 lb, Mercury 2.5 lb - 5 lb, Sentinel 5 lb. JL Industries / Activar CPG.",Semi-recessed,EA,USD,https://www.activarcpg.com/product/ambassador-series-steel/
JL Industries,C1016V10,Fire Extinguisher Cabinet,10 44 00,"Ambassador steel cabinet C1016V10 (trade 1016V10): 1-1/2"" Square Trim, Vertical Duo Door; steel. Fits Cosmic 2.5 lb - 10 lb, Galaxy 2.5 lb - 10 lb, Mercury 2.5 lb - 5 lb, Sentinel 5 lb. JL Industries / Activar CPG.",Semi-recessed,EA,USD,https://www.activarcpg.com/product/ambassador-series-steel/
JL Industries,C1016W17FX2,Fire Extinguisher Cabinet,10 44 00,"Ambassador steel cabinet C1016W17FX2 (trade 1016W17FX2): 1-1/2"" Square Trim, Vertical Duo Door-Tempered, Saf-T-Lok, Fire-rated; steel. Fits Cosmic 2.5 lb - 10 lb. JL Industries / Activar CPG.",Semi-recessed,EA,USD,https://www.activarcpg.com/product/ambassador-series-steel/
JL Industries,C1017F10,Fire Extinguisher Cabinet,10 44 00,"Ambassador steel cabinet C1017F10 (trade 1017F10): 3"" Rolled Trim, Full Glazed Door; steel, full-view door. Fits Cosmic 2.5 lb - 10 lb, Galaxy 2.5 lb - 10 lb, Mercury 2.5 lb - 5 lb, Sentinel 5 lb. JL Industries / Activar CPG.",Semi-recessed,EA,USD,https://www.activarcpg.com/product/ambassador-series-steel/
JL Industries,C1017F10FX2,Fire Extinguisher Cabinet,10 44 00,"Ambassador steel cabinet C1017F10FX2 (trade 1017F10FX2): 3"" Rolled Trim, Full Glazed Door, Fire-rated; steel, full-view door. Fits Cosmic 2.5 lb - 10 lb, Galaxy 2.5 lb - 10 lb, Mercury 2.5 lb - 5 lb, Sentinel 5 lb. JL Industries / Activar CPG.",Semi-recessed,EA,USD,https://www.activarcpg.com/product/ambassador-series-steel/
JL Industries,C1017F17,Fire Extinguisher Cabinet,10 44 00,"Ambassador steel cabinet C1017F17 (trade 1017F17): 3"" Rolled Trim, Full Glazed Door- Tempered; steel, full-view door. Fits Cosmic 2.5 lb - 10 lb, Galaxy 2.5 lb - 10 lb, Mercury 2.5 lb - 5 lb, Sentinel 5 lb. JL Industries / Activar CPG.",Semi-recessed,EA,USD,https://www.activarcpg.com/product/ambassador-series-steel/
JL Industries,C1017F17FX2,Fire Extinguisher Cabinet,10 44 00,"Ambassador steel cabinet C1017F17FX2 (trade 1017F17FX2): 3"" Rolled Trim, Full Glazed Door - Tempered, Fire-rated; steel, full-view door. Fits Cosmic 2.5 lb - 10 lb, Galaxy 2.5 lb - 10 lb, Mercury 2.5 lb - 5 lb, Sentinel 5 lb. JL Industries / Activar CPG.",Semi-recessed,EA,USD,https://www.activarcpg.com/product/ambassador-series-steel/
JL Industries,C1017G10,Fire Extinguisher Cabinet,10 44 00,"Ambassador steel cabinet C1017G10 (trade 1017G10): 3"" Rolled Trim, Full Glazed Door, Saf-T-Lok; steel, full-view door. Fits Cosmic 2.5 lb - 10 lb, Galaxy 2.5 lb - 10 lb, Mercury 2.5 lb - 5 lb, Sentinel 5 lb. JL Industries / Activar CPG.",Semi-recessed,EA,USD,https://www.activarcpg.com/product/ambassador-series-steel/
JL Industries,C1017G10FX2,Fire Extinguisher Cabinet,10 44 00,"Ambassador steel cabinet C1017G10FX2 (trade 1017G10FX2): 3"" Rolled Trim, Full Glazed Door, Saf-T-Lok, Fire-rated; steel, full-view door. Fits Cosmic 2.5 lb - 10 lb. JL Industries / Activar CPG.",Semi-recessed,EA,USD,https://www.activarcpg.com/product/ambassador-series-steel/
JL Industries,C1017S21,Fire Extinguisher Cabinet,10 44 00,"Ambassador steel cabinet C1017S21 (trade 1017S21): 3"" Rolled Trim, Solid Door; steel. Fits Cosmic 2.5 lb - 10 lb, Mercury 2.5 lb - 5 lb, Sentinel 5 lb. JL Industries / Activar CPG.",Semi-recessed,EA,USD,https://www.activarcpg.com/product/ambassador-series-steel/
JL Industries,C1017V10,Fire Extinguisher Cabinet,10 44 00,"Ambassador steel cabinet C1017V10 (trade 1017V10): 3"" Rolled Trim, Vertical Duo Door; steel. Fits Cosmic 2.5 lb - 10 lb, Galaxy 2.5 lb - 10 lb, Mercury 2.5 lb - 5 lb, Sentinel 5 lb. JL Industries / Activar CPG.",Semi-recessed,EA,USD,https://www.activarcpg.com/product/ambassador-series-steel/
JL Industries,C1017V10FX2,Fire Extinguisher Cabinet,10 44 00,"Ambassador steel cabinet C1017V10FX2 (trade 1017V10FX2): 3"" Rolled Trim, Vertical Duo Door, Fire-rated; steel. Fits Cosmic 2.5 lb - 10 lb, Galaxy 2.5 lb - 10 lb, Mercury 2.5 lb - 5 lb, Sentinel 5 lb. JL Industries / Activar CPG.",Semi-recessed,EA,USD,https://www.activarcpg.com/product/ambassador-series-steel/
JL Industries,C1017V17FX2,Fire Extinguisher Cabinet,10 44 00,"Ambassador steel cabinet C1017V17FX2 (trade 1017V17FX2): 3"" Rolled Trim, Vertical Duo Door - Tempered, Fire-rated; steel. Fits Cosmic 2.5 lb - 10 lb, Galaxy 2.5 lb - 10 lb, Mercury 2.5 lb - 5 lb, Sentinel 5 lb. JL Industries / Activar CPG.",Semi-recessed,EA,USD,https://www.activarcpg.com/product/ambassador-series-steel/
JL Industries,C1017W10,Fire Extinguisher Cabinet,10 44 00,"Ambassador steel cabinet C1017W10 (trade 1017W10): 3"" Rolled Trim, Full Glazed Door, Saf-T-Lok; steel, full-view door. Fits Cosmic 2.5 lb - 10 lb, Galaxy 2.5 lb - 10 lb, Mercury 2.5 lb - 5 lb, Sentinel 5 lb. JL Industries / Activar CPG.",Semi-recessed,EA,USD,https://www.activarcpg.com/product/ambassador-series-steel/
JL Industries,C1017W10FX2,Fire Extinguisher Cabinet,10 44 00,"Ambassador steel cabinet C1017W10FX2 (trade 1017W10FX2): 3"" Rolled Trim, Full Glazed Door, Saf-T-Lok, Fire-rated; steel, full-view door. Fits Cosmic 2.5 lb - 10 lb. JL Industries / Activar CPG.",Semi-recessed,EA,USD,https://www.activarcpg.com/product/ambassador-series-steel/
JL Industries,C1017W17FX2,Fire Extinguisher Cabinet,10 44 00,"Ambassador steel cabinet C1017W17FX2 (trade 1017W17FX2): 3"" Rolled Trim, Vertical Duo Door - Tempered, Saf-T-Lok, Fire-rated; steel. Fits Cosmic 2.5 lb - 10 lb. JL Industries / Activar CPG.",Semi-recessed,EA,USD,https://www.activarcpg.com/product/ambassador-series-steel/
JL Industries,C1816F10,Fire Extinguisher Cabinet,10 44 00,"Ambassador steel cabinet C1816F10 (trade 1816F10): 1-1/2"" Square Trim, Full Glazed Door; steel, full-view door. Fits Cosmic 2.5 lb - 6 lb, Galaxy 2.5 lb - 5.5 lb, Mercury 2.5 lb - 5 lb. JL Industries / Activar CPG.",Semi-recessed,EA,USD,https://www.activarcpg.com/product/ambassador-series-steel/
JL Industries,C1816G10,Fire Extinguisher Cabinet,10 44 00,"Ambassador steel cabinet C1816G10 (trade 1816G10): 1-1/2"" Square Trim, Full Glazed Door, Saf-T-Lok; steel, full-view door. Fits Cosmic 2.5 lb - 6 lb, Galaxy 2.5 lb - 5.5 lb, Mercury 2.5 lb - 5 lb. JL Industries / Activar CPG.",Semi-recessed,EA,USD,https://www.activarcpg.com/product/ambassador-series-steel/
JL Industries,C1816G10FX2,Fire Extinguisher Cabinet,10 44 00,"Ambassador steel cabinet C1816G10FX2 (trade 1816G10FX2): 1-1/2"" Square Trim, Full Glazed Door, Saf-T-Lok, Fire-rated; steel, full-view door. Fits Cosmic 2.5 lb - 6 lb. JL Industries / Activar CPG.",Semi-recessed,EA,USD,https://www.activarcpg.com/product/ambassador-series-steel/
JL Industries,C1023F10,Fire Extinguisher Cabinet,10 44 00,"Academy aluminum cabinet C1023F10 (trade 1023F10): surface-mount square edge, full-view door, 0.090 in clear acrylic. Clear-anodized aluminum door/trim and tub. 10 lb extinguisher fit. Official Activar product tag.",Surface,EA,USD,https://www.activarcpg.com/product/academy-series-aluminum-fire-extinguisher-cabinet/
JL Industries,C1025F10,Fire Extinguisher Cabinet,10 44 00,"Academy aluminum cabinet C1025F10 (trade 1025F10): fully recessed 3/8 in flat trim, full-view door, 0.090 in clear acrylic. Anodized aluminum door/trim; white steel tub. 10 lb extinguisher fit. ADA-capable. Official Activar product tag.",Recessed,EA,USD,https://www.activarcpg.com/product/academy-series-aluminum-fire-extinguisher-cabinet/
JL Industries,C1026L24,Fire Extinguisher Cabinet,10 44 00,"Academy aluminum cabinet C1026L24 (trade 1026L24): 1-1/2"" Square Trim, Solid Door with Cylinder Lock, No Handle; aluminum. Fits Cosmic 2.5 lb - 10 lb, Mercury 2.5 lb - 5 lb, Sentinel 5 lb. JL Industries / Activar CPG.",Semi-recessed,EA,USD,https://www.activarcpg.com/product/academy-series-aluminum-fire-extinguisher-cabinet/
JL Industries,C1027F10,Fire Extinguisher Cabinet,10 44 00,"Academy aluminum cabinet C1027F10 (trade 1027F10): 3"" Rolled Trim, Full Glazed Door; aluminum, full-view door. Fits Cosmic 2.5 lb - 10 lb, Galaxy 2.5 lb - 10 lb, Mercury 2.5 lb - 5 lb, Sentinel 5 lb. JL Industries / Activar CPG.",Semi-recessed,EA,USD,https://www.activarcpg.com/product/academy-series-aluminum-fire-extinguisher-cabinet/
JL Industries,C1027F10FX2,Fire Extinguisher Cabinet,10 44 00,"Academy aluminum cabinet C1027F10FX2 (trade 1027F10FX2): 3"" Rolled Trim, Full Glazed Door, Fire-rated; aluminum, full-view door. Fits Cosmic 2.5 lb - 10 lb, Galaxy 2.5 lb - 10 lb, Mercury 2.5 lb - 5 lb, Sentinel 5 lb. JL Industries / Activar CPG.",Semi-recessed,EA,USD,https://www.activarcpg.com/product/academy-series-aluminum-fire-extinguisher-cabinet/
JL Industries,C1027V10,Fire Extinguisher Cabinet,10 44 00,"Academy aluminum cabinet C1027V10 (trade 1027V10): 3"" Rolled Trim, Vertical Duo Door; aluminum. Fits Cosmic 2.5 lb - 10 lb, Galaxy 2.5 lb - 10 lb, Mercury 2.5 lb - 5 lb, Sentinel 5 lb. JL Industries / Activar CPG.",Semi-recessed,EA,USD,https://www.activarcpg.com/product/academy-series-aluminum-fire-extinguisher-cabinet/
JL Industries,C1027V10FX2,Fire Extinguisher Cabinet,10 44 00,"Academy aluminum cabinet C1027V10FX2 (trade 1027V10FX2): 3"" Rolled Trim, Vertical Duo Door, Fire-rated; aluminum. Fits Cosmic 2.5 lb - 10 lb, Galaxy 2.5 lb - 10 lb, Mercury 2.5 lb - 5 lb, Sentinel 5 lb. JL Industries / Activar CPG.",Semi-recessed,EA,USD,https://www.activarcpg.com/product/academy-series-aluminum-fire-extinguisher-cabinet/
JL Industries,C1027W17,Fire Extinguisher Cabinet,10 44 00,"Academy aluminum cabinet C1027W17 (trade 1027W17): 3"" Rolled Trim, Vertical Duo Door- Tempered; aluminum. Fits Cosmic 2.5 lb - 10 lb, Galaxy 2.5 lb - 10 lb, Mercury 2.5 lb - 5 lb, Sentinel 5 lb. JL Industries / Activar CPG.",Semi-recessed,EA,USD,https://www.activarcpg.com/product/academy-series-aluminum-fire-extinguisher-cabinet/
JL Industries,C1033F10,Fire Extinguisher Cabinet,10 44 00,"Cosmopolitan 304 stainless cabinet C1033F10 (trade 1033F10): Surface Mount, Square Trim, Full Glazed Door; 304 stainless, full-view door. Fits Cosmic 2.5 lb - 10 lb. JL Industries / Activar CPG.",Surface,EA,USD,https://www.activarcpg.com/product/cosmopolitan-series-stainless-steel-fire-extinguisher-cabinet/
JL Industries,C1033F17,Fire Extinguisher Cabinet,10 44 00,"Cosmopolitan 304 stainless cabinet C1033F17 (trade 1033F17): Surface Mount, Square Trim - Tempered, Full Glazed Door; 304 stainless, full-view door. Fits Cosmic 2.5 lb - 10 lb, Galaxy 2.5 lb - 10 lb, Mercury 2.5 lb - 5 lb, Sentinel 5 lb. JL Industries / Activar CPG.",Surface,EA,USD,https://www.activarcpg.com/product/cosmopolitan-series-stainless-steel-fire-extinguisher-cabinet/
JL Industries,C1033V10,Fire Extinguisher Cabinet,10 44 00,"Cosmopolitan 304 stainless cabinet C1033V10 (trade 1033V10): Surface Mount, Square Trim, Vertical Duo Door; 304 stainless. Fits Cosmic 2.5 lb - 10 lb. JL Industries / Activar CPG.",Surface,EA,USD,https://www.activarcpg.com/product/cosmopolitan-series-stainless-steel-fire-extinguisher-cabinet/
JL Industries,C1033W17,Fire Extinguisher Cabinet,10 44 00,"Cosmopolitan 304 stainless cabinet C1033W17 (trade 1033W17): Surface Mount, Square Trim, Vertical Duo Door - Tempered, Saf-T-Lok; 304 stainless. Fits Cosmic 2.5 lb - 10 lb, Mercury 2.5 lb - 5 lb, Sentinel 5 lb. JL Industries / Activar CPG.",Surface,EA,USD,https://www.activarcpg.com/product/cosmopolitan-series-stainless-steel-fire-extinguisher-cabinet/
JL Industries,C1035V10,Fire Extinguisher Cabinet,10 44 00,"Cosmopolitan 304 stainless cabinet C1035V10 (trade 1035V10): Flat 3/8"" Trim, Vertical Duo Door; 304 stainless. Fits Cosmic 2.5 lb - 10 lb, Galaxy 2.5 lb - 10 lb, Mercury 2.5 lb - 5 lb, Sentinel 5 lb. JL Industries / Activar CPG.",Recessed,EA,USD,https://www.activarcpg.com/product/cosmopolitan-series-stainless-steel-fire-extinguisher-cabinet/
JL Industries,C1037F10,Fire Extinguisher Cabinet,10 44 00,"Cosmopolitan 304 stainless cabinet C1037F10 (trade 1037F10): 3"" Rolled Trim, Full Glazed Door; 304 stainless, full-view door. Fits Cosmic 2.5 lb - 10 lb, Galaxy 2.5 lb - 10 lb, Mercury 2.5 lb - 5 lb, Sentinel 5 lb. JL Industries / Activar CPG.",Semi-recessed,EA,USD,https://www.activarcpg.com/product/cosmopolitan-series-stainless-steel-fire-extinguisher-cabinet/
JL Industries,C1037F10FX2,Fire Extinguisher Cabinet,10 44 00,"Cosmopolitan 304 stainless cabinet C1037F10FX2 (trade 1037F10FX2): 3"" Rolled Trim, Full Glazed Door, Fire-rated; 304 stainless, full-view door. Fits Cosmic 2.5 lb - 10 lb, Galaxy 2.5 lb - 10 lb, Mercury 2.5 lb - 5 lb, Sentinel 5 lb. JL Industries / Activar CPG.",Semi-recessed,EA,USD,https://www.activarcpg.com/product/cosmopolitan-series-stainless-steel-fire-extinguisher-cabinet/
JL Industries,C1037F17,Fire Extinguisher Cabinet,10 44 00,"Cosmopolitan 304 stainless cabinet C1037F17 (trade 1037F17): 3"" Rolled Trim, Full Glazed Door - Tempered; 304 stainless, full-view door. Fits Cosmic 2.5 lb - 10 lb, Galaxy 2.5 lb - 10 lb, Mercury 2.5 lb - 5 lb, Sentinel 5 lb. JL Industries / Activar CPG.",Semi-recessed,EA,USD,https://www.activarcpg.com/product/cosmopolitan-series-stainless-steel-fire-extinguisher-cabinet/
JL Industries,C1037G10,Fire Extinguisher Cabinet,10 44 00,"Cosmopolitan 304 stainless cabinet C1037G10 (trade 1037G10): 3"" Rolled Trim, Full Glazed Door, Saf-T-Lok; 304 stainless, full-view door. Fits Cosmic 2.5 lb - 10 lb, Galaxy 2.5 lb - 10 lb, Mercury 2.5 lb - 5 lb, Sentinel 5 lb. JL Industries / Activar CPG.",Semi-recessed,EA,USD,https://www.activarcpg.com/product/cosmopolitan-series-stainless-steel-fire-extinguisher-cabinet/
JL Industries,C1037L22,Fire Extinguisher Cabinet,10 44 00,"Cosmopolitan 304 stainless cabinet C1037L22 (trade 1037L22): 3"" Rolled Trim, Solid Door with Saf-T-Lok; 304 stainless. Fits Cosmic 2.5 lb - 10 lb, Mercury 2.5 lb - 5 lb, Sentinel 5 lb. JL Industries / Activar CPG.",Semi-recessed,EA,USD,https://www.activarcpg.com/product/cosmopolitan-series-stainless-steel-fire-extinguisher-cabinet/
JL Industries,C1037S21,Fire Extinguisher Cabinet,10 44 00,"Cosmopolitan 304 stainless cabinet C1037S21 (trade 1037S21): 3"" Rolled Trim, Solid door with cylinder lock; 304 stainless. Fits Cosmic 2.5 lb - 10 lb, Mercury 2.5 lb - 5 lb, Sentinel 5 lb. JL Industries / Activar CPG.",Semi-recessed,EA,USD,https://www.activarcpg.com/product/cosmopolitan-series-stainless-steel-fire-extinguisher-cabinet/
JL Industries,C1037V10,Fire Extinguisher Cabinet,10 44 00,"Cosmopolitan 304 stainless cabinet C1037V10 (trade 1037V10): 3"" Rolled Trim, Vertical Duo Door; 304 stainless. Fits Cosmic 2.5 lb - 10 lb, Galaxy 2.5 lb - 10 lb, Mercury 2.5 lb - 5 lb, Sentinel 5 lb. JL Industries / Activar CPG.",Semi-recessed,EA,USD,https://www.activarcpg.com/product/cosmopolitan-series-stainless-steel-fire-extinguisher-cabinet/
JL Industries,C1037V10FX2,Fire Extinguisher Cabinet,10 44 00,"Cosmopolitan 304 stainless cabinet C1037V10FX2 (trade 1037V10FX2): 3"" Rolled Trim, Vertical Duo Door, Fire-rated; 304 stainless. Fits Cosmic 2.5 lb - 10 lb, Galaxy 2.5 lb - 10 lb, Mercury 2.5 lb - 5 lb, Sentinel 5 lb. JL Industries / Activar CPG.",Semi-recessed,EA,USD,https://www.activarcpg.com/product/cosmopolitan-series-stainless-steel-fire-extinguisher-cabinet/
JL Industries,C1037V17,Fire Extinguisher Cabinet,10 44 00,"Cosmopolitan 304 stainless cabinet C1037V17 (trade 1037V17): 3"" Rolled Trim, Vertical Duo Door - Tempered; 304 stainless. Fits Cosmic 2.5 lb - 10 lb, Galaxy 2.5 lb - 10 lb, Mercury 2.5 lb - 5 lb, Sentinel 5 lb. JL Industries / Activar CPG.",Semi-recessed,EA,USD,https://www.activarcpg.com/product/cosmopolitan-series-stainless-steel-fire-extinguisher-cabinet/
JL Industries,C1037W10,Fire Extinguisher Cabinet,10 44 00,"Cosmopolitan 304 stainless cabinet C1037W10 (trade 1037W10): 3"" Rolled Trim, Vertical Duo Door, Saf-T-Lok; 304 stainless. Fits Cosmic 2.5 lb - 10 lb, Galaxy 2.5 lb - 10 lb, Mercury 2.5 lb - 5 lb, Sentinel 5 lb. JL Industries / Activar CPG.",Semi-recessed,EA,USD,https://www.activarcpg.com/product/cosmopolitan-series-stainless-steel-fire-extinguisher-cabinet/
JL Industries,C1037W17,Fire Extinguisher Cabinet,10 44 00,"Cosmopolitan 304 stainless cabinet C1037W17 (trade 1037W17): 3"" Rolled Trim, Vertical Duo Door - Tempered, Saf-T-Lok; 304 stainless. Fits Cosmic 2.5 lb - 10 lb, Galaxy 2.5 lb - 10 lb, Mercury 2.5 lb - 5 lb, Sentinel 5 lb. JL Industries / Activar CPG.",Semi-recessed,EA,USD,https://www.activarcpg.com/product/cosmopolitan-series-stainless-steel-fire-extinguisher-cabinet/
JL Industries,C2033F10,Fire Extinguisher Cabinet,10 44 00,"Cosmopolitan 304 stainless cabinet C2033F10 (trade 2033F10): Surface Mount, Square Trim, Full Glazed Door; 304 stainless, full-view door. Fits any Cosmic or Galaxy. JL Industries / Activar CPG.",Surface,EA,USD,https://www.activarcpg.com/product/cosmopolitan-series-stainless-steel-fire-extinguisher-cabinet/
JL Industries,C1085V10,Fire Extinguisher Cabinet,10 44 00,"Cavalier bronze cabinet C1085V10 (trade 1085V10): fully recessed 3/8 in flat trim, vertical-duo door, 0.090 in clear acrylic. US10B oil-rubbed bronze door/trim (official series hero image 1085V10-Cavalier-FE-Cabinet-JL-Industries.jpg). 10 lb tub. Other Cavalier codes are Made-to-Order via the series submittal.",Recessed,EA,USD,https://www.activarcpg.com/product/cavalier-series-bronze-or-brass/
JL Industries,C1017P42,Fire Extinguisher Cabinet,10 44 00,"Panorama cabinet C1017P42 (trade 1017P42): semi-recessed 3 in rolled steel trim, frameless white textured acrylic door with black vertical lettering (P42). Official series hero image 1017P42-Panorama-FE-Cabinet-JL-Industries.jpg. Other Panorama codes are Made-to-Order via the series submittal.",Semi-recessed,EA,USD,https://www.activarcpg.com/product/panorama-series-frameless-acrylic-door-fire-extinguisher-cabinet/
JL Industries,C1515G25,Fire Extinguisher Cabinet,10 44 00,"Clear Vu steel cabinet C1515G25 (trade 1515G25): 3/8"" Flat Sq Trim, Full View Door, Clear Acrylic Bubble; steel. Fits Sentinel 5 lb. JL Industries / Activar CPG.",Recessed,EA,USD,https://www.activarcpg.com/product/clear-vu-series-acrylic-bubble-fire-extinguisher-cabinet/
JL Industries,C1516F25,Fire Extinguisher Cabinet,10 44 00,"Clear Vu steel cabinet C1516F25 (trade 1516F25): 1-1/2"" Steel, Square Trim, Clear Acrylic Bubble. Fits Cosmic 2.5 lb - 10 lb, Galaxy 2.5 lb - 10 lb, Mercury 2.5 lb - 5 lb, Sentinel 5 lb. JL Industries / Activar CPG.",Semi-recessed,EA,USD,https://www.activarcpg.com/product/clear-vu-series-acrylic-bubble-fire-extinguisher-cabinet/
JL Industries,C1516F25FX2,Fire Extinguisher Cabinet,10 44 00,"Clear Vu steel cabinet C1516F25FX2 (trade 1516F25FX2): 1-1/2"" Steel, Square Trim, Clear Acrylic Bubble, Fire-rated. Fits Cosmic 2.5 lb - 10 lb, Galaxy 2.5 lb - 10 lb, Mercury 2.5 lb - 5 lb, Sentinel 5 lb. JL Industries / Activar CPG.",Semi-recessed,EA,USD,https://www.activarcpg.com/product/clear-vu-series-acrylic-bubble-fire-extinguisher-cabinet/
JL Industries,C5614S21,Fire Extinguisher Cabinet,10 44 00,Embassy trimless cabinet C5614S21 (trade 5614S21): recessed overlapping steel solid door (S21) with concealed pull. White powder-coat. 5600 size for 2.5-10 lb. ADA projection-compliant. Official Activar product tag / stock listing.,Recessed (trimless),EA,USD,https://www.activarcpg.com/product/embassy-series-trimless/
JL Industries,C5614V10,Fire Extinguisher Cabinet,10 44 00,"Embassy steel cabinet C5614V10 (trade 5614V10): Steel, White, Vertical Duo Door - Clear Acrylic, Concealed Pull. Fits any Cosmic, Galaxy, or Mercury. Trimless recessed Embassy cabinet. JL Industries / Activar CPG.",Recessed (trimless),EA,USD,https://www.activarcpg.com/product/embassy-series-trimless/
JL Industries,C5614V17,Fire Extinguisher Cabinet,10 44 00,"Embassy steel cabinet C5614V17 (trade 5614V17): Steel, White, Vertical Duo Door - Tempered, Concealed Pull. Fits any Cosmic, Galaxy, or Mercury. Trimless recessed Embassy cabinet. JL Industries / Activar CPG.",Recessed (trimless),EA,USD,https://www.activarcpg.com/product/embassy-series-trimless/
JL Industries,C5614V17FX2,Fire Extinguisher Cabinet,10 44 00,"Embassy steel cabinet C5614V17FX2 (trade 5614V17FX2): Steel, White, Vertical Duo Door - Tempered, Concealed Pull, Fire-rated. Fits any Cosmic, Galaxy, Mercury, or Saturn. Trimless recessed Embassy cabinet. JL Industries / Activar CPG.",Recessed (trimless),EA,USD,https://www.activarcpg.com/product/embassy-series-trimless/
JL Industries,C5634S21,Fire Extinguisher Cabinet,10 44 00,"Embassy 304 stainless cabinet C5634S21 (trade 5634S21): Stainless Steel, Solid Door, Concealed Pull; 304 stainless. Fits any Cosmic, Galaxy, or Mercury. Trimless recessed Embassy cabinet. JL Industries / Activar CPG.",Recessed (trimless),EA,USD,https://www.activarcpg.com/product/embassy-series-trimless/
JL Industries,C2119F10,Fire Extinguisher Cabinet,10 44 00,"Orbit low-profile cabinet C2119F10 (trade 2119F10): surface-mount steel with flush pull, full-view door, 0.090 in clear acrylic. Holds Orbit FE10V 10 lb only. Official series hero image 2119F10-Orbit-Low-Profile-FE-Cabinet-JL-Industries.png. Other Orbit codes are Made-to-Order via the series submittal.",Surface,EA,USD,https://www.activarcpg.com/product/orbit-series-low-profile/
